{"cameraMode":{"drawMode":0,"name":"Shaded","section":"Shading Mode"},"sceneLighting":false,"audioPlay":false,"sceneViewState":{"showFog":true,"showMaterialUpdate":true,"showSkybox":false,"showFlares":true,"showImageEffects":true,"showParticleSystems":true},"in2DMode":false,"pivot":{"x":-4.04490852355957,"y":5.270376205444336,"z":6.034025192260742},"rotation":{"x":-0.21184338629245759,"y":-0.533608615398407,"z":0.1401299238204956,"w":-0.8066900372505188},"size":24.618196487426759,"orthographic":false}