{"cameraMode":{"drawMode":0,"name":"Shaded","section":"Shading Mode"},"sceneLighting":false,"audioPlay":false,"sceneViewState":{"showFog":true,"showMaterialUpdate":true,"showSkybox":true,"showFlares":true,"showImageEffects":true,"showParticleSystems":true},"in2DMode":false,"pivot":{"x":88.87043762207031,"y":-3.55814266204834,"z":17.322145462036134},"rotation":{"x":-0.1125924214720726,"y":0.2712080180644989,"z":-0.03196223825216293,"w":-0.9553808569908142},"size":28.13519287109375,"orthographic":false}